act_role,eng_title,evaluation_num,movie_link,quote,ranking,rating_num,title
,,,,,,,
"
                            导演: 弗兰克・德拉邦特 Frank Darabont???主演: 蒂姆・罗宾斯 Tim Robbins /...",?/?The Shawshank Redemption,1110608人评价,https://movie.douban.com/subject/1292052/,希望让人自由。,1,9.6,肖申克的救赎
,,,,,,,
"
                            导演: 陈凯歌 Kaige Chen???主演: 张国荣 Leslie Cheung / 张丰毅 Fengyi Zha...",?/?再见，我的妾  /  Farewell My Concubine,810517人评价,https://movie.douban.com/subject/1291546/,风华绝代。,2,9.5,霸王别姬
,,,,,,,
"
                            导演: 吕克・贝松 Luc Besson???主演: 让・雷诺 Jean Reno / 娜塔莉・波特曼 ...",?/?Léon,1029464人评价,https://movie.douban.com/subject/1295644/,怪蜀黍和小萝莉不得不说的故事。,3,9.4,这个杀手不太冷
,,,,,,,
"
                            导演: Robert Zemeckis???主演: Tom Hanks / Robin Wright Penn / Gary Sinise",?/?Forrest Gump,878046人评价,https://movie.douban.com/subject/1292720/,一部美国近现代史。,4,9.4,阿甘正传
,,,,,,,
"
                            导演: 罗伯托・贝尼尼 Roberto Benigni???主演: 罗伯托・贝尼尼 Roberto Beni...",?/?La vita è bella,512557人评价,https://movie.douban.com/subject/1292063/,最美的谎言。,5,9.5,美丽人生
,,,,,,,
"
                            导演: 詹姆斯・卡梅隆 James Cameron???主演: 莱昂纳多・迪卡普里奥 Leonardo...",?/?Titanic,816707人评价,https://movie.douban.com/subject/1292722/,失去的才是永恒的。 ,6,9.3,泰坦尼克号
,,,,,,,
"
                            导演: 宫崎骏 Hayao Miyazaki???主演: 艾美 Rumi H?ragi / 入野自由 Miy...",?/?千と千い紊耠Lし,817443人评价,https://movie.douban.com/subject/1291561/,最好的宫崎骏，最好的久石让。 ,7,9.3,千与千寻
,,,,,,,
"
                            导演: 史蒂文・斯皮尔伯格 Steven Spielberg???主演: 连姆・尼森 Liam Neeson...",?/?Schindler's List,463963人评价,https://movie.douban.com/subject/1295124/,拯救一个人，就是拯救整个世界。,8,9.4,辛德勒的名单
,,,,,,,
"
                            导演: 克里斯托弗・诺兰 Christopher Nolan???主演: 莱昂纳多・迪卡普里奥 Le...",?/?Inception,905762人评价,https://movie.douban.com/subject/3541415/,诺兰给了我们一场无法盗取的梦。,9,9.3,盗梦空间
,,,,,,,
"
                            导演: 安德鲁・斯坦顿 Andrew Stanton???主演: 本・贝尔特 Ben Burtt / 艾丽...",?/?WALL・E,596973人评价,https://movie.douban.com/subject/2131459/,小瓦力，大人生。,10,9.3,机器人总动员
,,,,,,,
"
                            导演: 莱塞・霍尔斯道姆 Lasse Hallstr?m???主演: 理查・基尔 Richard Ger...",?/?Hachi: A Dog's Tale,574272人评价,https://movie.douban.com/subject/3011091/,永远都不能忘记你所爱的人。,11,9.3,忠犬八公的故事
,,,,,,,
"
                            导演: 拉库马・希拉尼 Rajkumar Hirani???主演: 阿米尔・汗 Aamir Khan / 卡...",?/?3 Idiots,814315人评价,https://movie.douban.com/subject/3793023/,英俊版憨豆，高情商版谢耳朵。,12,9.2,三傻大闹宝莱坞
,,,,,,,
"
                            导演: 朱塞佩・托纳多雷 Giuseppe Tornatore???主演: 蒂姆・罗斯 Tim Roth / ...",?/?La leggenda del pianista sull'oceano,688271人评价,https://movie.douban.com/subject/1292001/,每个人都要走一条自己坚定了的路，就算是粉身碎骨。 ,13,9.2,海上钢琴师
,,,,,,,
"
                            导演: 克里斯托夫・巴拉蒂 Christophe Barratier???主演: 杰拉尔・朱诺 Géra...",?/?Les choristes,551563人评价,https://movie.douban.com/subject/1291549/,天籁一般的童声，是最接近上帝的存在。 ,14,9.2,放牛班的春天
,,,,,,,
"
                            导演: 刘镇伟 Jeffrey Lau???主演: 周星驰 Stephen Chow / 吴孟达 Man Tat Ng...",?/?西[大Y局之仙履奇,605805人评价,https://movie.douban.com/subject/1292213/,一生所爱。,15,9.2,大话西游之大圣娶亲
,,,,,,,
"
                            导演: 彼得・威尔 Peter Weir???主演: 金・凯瑞 Jim Carrey / 劳拉・琳妮 Lau...",?/?The Truman Show,580886人评价,https://movie.douban.com/subject/1292064/,如果再也不能见到你，祝你早安，午安，晚安。,16,9.1,楚门的世界
,,,,,,,
"
                            导演: 弗朗西斯・福特・科波拉 Francis Ford Coppola???主演: 马龙・白兰度 M...",?/?The Godfather,410171人评价,https://movie.douban.com/subject/1291841/,千万不要记恨你的对手，这样会让你失去理智。,17,9.2,教父
,,,,,,,
"
                            导演: 宫崎骏 Hayao Miyazaki???主演: 日高法子 Noriko Hidaka / 坂本千夏 Ch...",?/?となりのトトロ,504793人评价,https://movie.douban.com/subject/1291560/,人人心中都有个龙猫，童年就永远不会消失。,18,9.1,龙猫
,,,,,,,
"
                            导演: 克里斯托弗・诺兰 Christopher Nolan???主演: 马修・麦康纳 Matthew Mc...",?/?Interstellar,603560人评价,https://movie.douban.com/subject/1889243/,爱是一种力量，让我们超越时空感知它的存在。,19,9.2,星际穿越
,,,,,,,
"
                            导演: 黄东赫 Dong-hyuk Hwang???主演: 孔侑 Yoo Gong / 郑有美 Yu-mi Jeong ...",?/????,335665人评价,https://movie.douban.com/subject/5912992/,我们一路奋战不是为了改变世界，而是为了不让世界改变我们。,20,9.2,熔炉
,,,,,,,
"
                            导演: 刘伟强 / 麦兆辉???主演: 刘德华 / 梁朝伟 / 黄秋生",?/?og道,492698人评价,https://movie.douban.com/subject/1307914/,香港电影史上永不过时的杰作。,21,9.1,无间道
,,,,,,,
"
                            导演: 奥利维・那卡什 Olivier Nakache / 艾力克・托兰达 Eric Toledano???主...",?/?Intouchables,440881人评价,https://movie.douban.com/subject/6786002/,满满温情的高雅喜剧。,22,9.2,触不可及
,,,,,,,
"
                            导演: 维克多・弗莱明 Victor Fleming / 乔治・库克 George Cukor???主演: 费...",?/?Gone with the Wind,315781人评价,https://movie.douban.com/subject/1300267/,Tomorrow is another day.,23,9.2,乱世佳人
,,,,,,,
"
                            导演: 加布里尔・穆奇诺 Gabriele Muccino???主演: 威尔・史密斯 Will Smith ...",?/?The Pursuit of Happyness,649512人评价,https://movie.douban.com/subject/1849031/,平民励志片。 ,24,9,当幸福来敲门
,,,,,,,
"
                            导演: 罗伯・莱纳 Rob Reiner???主演: 玛德琳・卡罗尔 Madeline Carroll / 卡...",?/?Flipped,690599人评价,https://movie.douban.com/subject/3319755/,真正的幸福是来自内心深处。,25,8.9,怦然心动
,,,,,,,
"
                            导演: 朱塞佩・托纳多雷 Giuseppe Tornatore???主演: 安东娜拉・塔莉 Antonel...",?/?Nuovo Cinema Paradiso,351503人评价,https://movie.douban.com/subject/1291828/,那些吻戏，那些青春，都在影院的黑暗里被泪水冲刷得无比清晰。,26,9.1,天堂电影院
,,,,,,,
"
                            导演: 拜伦・霍华德 Byron Howard / 瑞奇・摩尔 Rich Moore???主演: 金妮弗・...",?/?Zootopia,645101人评价,https://movie.douban.com/subject/25662329/,迪士尼给我们营造的乌托邦就是这样，永远善良勇敢，永远出乎意料。,27,9.1,疯狂动物城
,,,,,,,
"
                            导演: Sidney Lumet???主演: 亨利・方达 Henry Fonda / 马丁・鲍尔萨姆 Marti...",?/?12 Angry Men,201958人评价,https://movie.douban.com/subject/1293182/,1957年的理想主义。 ,28,9.4,十二怒汉
,,,,,,,
"
                            导演: 克里斯托弗・诺兰 Christopher Nolan???主演: 克里斯蒂安・贝尔 Christ...",?/?The Dark Knight,398072人评价,https://movie.douban.com/subject/1851857/,无尽的黑暗。,29,9.1,蝙蝠侠：黑暗骑士
,,,,,,,
"
                            导演: 姜文 Wen Jiang???主演: 姜文 Wen Jiang / 香川照之 Teruyuki Kagawa /...",?/?Devils on the Doorstep,280705人评价,https://movie.douban.com/subject/1291858/,对敌人的仁慈，就是对自己残忍。,30,9.2,鬼子来了
,,,,,,,
"
                            导演: 李安 Ang Lee???主演: 苏拉・沙玛 Suraj Sharma / 伊尔凡・可汗 Irrfan...",?/?Life of Pi,677783人评价,https://movie.douban.com/subject/1929463/,瑰丽壮观、无人能及的冒险之旅。,31,9,少年派的奇幻漂流
,,,,,,,
"
                            导演: 张艺谋 Yimou Zhang???主演: 葛优 You Ge / 巩俐 Li Gong / 姜武 Wu Jiang",?/?人生  /  Lifetimes,330686人评价,https://movie.douban.com/subject/1292365/,张艺谋最好的电影。,32,9.1,活着
,,,,,,,
"
                            导演: 大卫・芬奇 David Fincher???主演: 爱德华・诺顿 Edward Norton / 布拉...",?/?Fight Club,451130人评价,https://movie.douban.com/subject/1292000/,邪恶与平庸蛰伏于同一个母体，在特定的时间互相对峙。,33,9,搏击俱乐部
,,,,,,,
"
                            导演: 彼得・杰克逊 Peter Jackson???主演: 维果・莫腾森 Viggo Mortensen / ...",?/?The Lord of the Rings: The Return of the King,333329人评价,https://movie.douban.com/subject/1291552/,史诗的终章。,34,9.1,指环王3：王者无敌
,,,,,,,
"
                            导演: 宫崎骏 Hayao Miyazaki???主演: 田中真弓 Mayumi Tanaka / 横泽启子 Ke...",?/?天空の城ラピュタ,391106人评价,https://movie.douban.com/subject/1291583/,对天空的追逐，永不停止。 ,35,9,天空之城
,,,,,,,
"
                            导演: 刘镇伟 Jeffrey Lau???主演: 周星驰 Stephen Chow / 吴孟达 Man Tat Ng...",?/?西[第壹佰零壹回之月光盒,487612人评价,https://movie.douban.com/subject/1299398/,旷古烁今。,36,8.9,大话西游之月光宝盒
,,,,,,,
"
                            导演: 彼特・道格特 Pete Docter / 鲍勃・彼德森 Bob Peterson???主演: 爱德...",?/?Up,591520人评价,https://movie.douban.com/subject/2129039/,最后那些最无聊的事情，才是最值得怀念的。 ,37,8.9,飞屋环游记
,,,,,,,
"
                            导演: 比利・怀尔德 Billy Wilder???主演: 查尔斯・劳顿 Charles Laughton / ...",?/?Witness for the Prosecution,127129人评价,https://movie.douban.com/subject/1296141/,比利・怀德满分作品。,38,9.6,控方证人
,,,,,,,
"
                            导演: 威廉・惠勒 William Wyler???主演: 奥黛丽・赫本 Audrey Hepburn / 格...",?/?Roman Holiday,450949人评价,https://movie.douban.com/subject/1293839/,爱情哪怕只有一天。,39,8.9,罗马假日
,,,,,,,
"
                            导演: 弗洛里安・亨克尔・冯・多纳斯马 Florian Henckel von Donnersmarck???...",?/?Das Leben der Anderen,265193人评价,https://movie.douban.com/subject/1900841/,别样人生。,40,9.1,窃听风暴
,,,,,,,
"
                            导演: Guy Ritchie???主演: Jason Flemyng / Dexter Fletcher / Nick Moran","?/?Lock, Stock and Two Smoking Barrels",310652人评价,https://movie.douban.com/subject/1293350/,4个臭皮匠顶个诸葛亮，盖・里奇果然不是盖的。,41,9.1,两杆大烟枪
,,,,,,,
"
                            导演: 米洛斯・福尔曼 Milo? Forman???主演: 杰克・尼科尔森 Jack Nichols...",?/?One Flew Over the Cuckoo's Nest,314239人评价,https://movie.douban.com/subject/1292224/,自由万岁。,42,9,飞越疯人院
,,,,,,,
"
                            导演: 马丁・布莱斯 Martin Brest???主演: 阿尔・帕西诺 Al Pacino / 克里斯...",?/?Scent of a Woman,381334人评价,https://movie.douban.com/subject/1298624/,史上最美的探戈。,43,8.9,闻香识女人
,,,,,,,
"
                            导演: 宫崎骏 Hayao Miyazaki???主演: 倍赏千惠子 Chieko Baish? / 木村拓...",?/?ハウルの婴城,420219人评价,https://movie.douban.com/subject/1308807/,带着心爱的人在天空飞翔。,44,8.9,哈尔的移动城堡
,,,,,,,
"
                            导演: 杨宇硕 Woo-seok Yang???主演: 宋康昊 Kang-ho Song / 吴达洙 Dal-su O...",?/????,259217人评价,https://movie.douban.com/subject/21937445/,电影的现实意义大过电影本身。,45,9.2,辩护人
,,,,,,,
"
                            导演: 涅提・蒂瓦里 Nitesh Tiwari???主演: 阿米尔・汗 Aamir Khan / 法缇玛...",?/?Dangal,574397人评价,https://movie.douban.com/subject/26387939/,你不是在为你一个人战斗，你要让千千万万的女性看到女生并不是只能相夫教子。,46,9.1,摔跤吧！爸爸
,,,,,,,
"
                            导演: 詹姆斯・麦克特格 James McTeigue???主演: 娜塔莉・波特曼 Natalie Por...",?/?V for Vendetta,494260人评价,https://movie.douban.com/subject/1309046/,一张面具背后的理想与革命。,47,8.8,V字仇杀队
,,,,,,,
"
                            导演: Louie Psihoyos???主演: John Chisholm / Mandy-Rae Cruikshank / Char...",?/?The Cove,205753人评价,https://movie.douban.com/subject/3442220/,海豚的微笑，是世界上最高明的伪装。,48,9.3,海豚湾
,,,,,,,
"
                            导演: 彼得・威尔 Peter Weir???主演: 罗宾・威廉姆斯 Robin Williams / 罗伯...",?/?Dead Poets Society,328298人评价,https://movie.douban.com/subject/1291548/,当一个死水般的体制内出现一个活跃的变数时，所有的腐臭都站在了光明的对面。,49,9,死亡诗社
,,,,,,,
"
                            导演: 弗朗西斯・福特・科波拉 Francis Ford Coppola???主演: 阿尔・帕西诺 A...",?/?The Godfather: Part Ⅱ,221230人评价,https://movie.douban.com/subject/1299131/,优雅的孤独。,50,9.1,教父2
,,,,,,,
"
                            导演: 彼得・杰克逊 Peter Jackson???主演: 伊利亚・伍德 Elijah Wood / 西恩...",?/?The Lord of the Rings: The Two Towers,313036人评价,https://movie.douban.com/subject/1291572/,承前启后的史诗篇章。,51,9,指环王2：双塔奇兵
,,,,,,,
"
                            导演: 朗・霍华德 Ron Howard???主演: 罗素・克劳 Russell Crowe / 艾德・哈...",?/?A Beautiful Mind,351795人评价,https://movie.douban.com/subject/1306029/,爱是一切逻辑和原由。,52,8.9,美丽心灵
,,,,,,,
"
                            导演: 彼得・杰克逊 Peter Jackson???主演: 伊利亚・伍德 Elijah Wood / 西恩...",?/?The Lord of the Rings: The Fellowship of the Ring,350397人评价,https://movie.douban.com/subject/1291571/,传说的开始。,53,8.9,指环王1：魔戒再现
,,,,,,,
"
                            导演: 李安 Ang Lee???主演: 郎雄 Sihung Lung / 杨贵媚 Kuei-Mei Yang / 吴...",?/?食男女,239700人评价,https://movie.douban.com/subject/1291818/,人生不能像做菜，把所有的料都准备好了才下锅。,54,9.1,饮食男女
,,,,,,,
"
                            导演: 岩井俊二 Shunji Iwai???主演: 中山美穗 Miho Nakayama / 丰川悦司 Ets...",?/?Love Letter,431847人评价,https://movie.douban.com/subject/1292220/,暗恋的极致。,55,8.8,情书
,,,,,,,
"
                            导演: 赛尔乔・莱翁内 Sergio Leone???主演: 罗伯特・德尼罗 Robert De Niro ...",?/?Once Upon a Time in America,201372人评价,https://movie.douban.com/subject/1292262/,往事如烟，无处祭奠。,56,9.1,美国往事
,,,,,,,
"
                            导演: Roger Allers / 罗伯・明可夫 Rob Minkoff???主演: 乔纳森・泰勒・托马...",?/?The Lion King,328525人评价,https://movie.douban.com/subject/1301753/,动物版《哈姆雷特》。,57,8.9,狮子王
,,,,,,,
"
                            导演: 李F益 Jun-ik Lee???主演: 薛景求 Kyung-gu Sol / 严志媛 Ji-won Uhm ...",?/???,222755人评价,https://movie.douban.com/subject/21937452/,受过伤害的人总是笑得最开心，因为他们不愿意让身边的人承受一样的痛苦。,58,9.1,素媛
,,,,,,,
"
                            导演: 罗曼・波兰斯基 Roman Polanski???主演: 艾德里安・布洛迪 Adrien Brod...",?/?The Pianist,231826人评价,https://movie.douban.com/subject/1296736/,音乐能化解仇恨。,59,9,钢琴家
,,,,,,,
"
                            导演: 马基德・马基迪 Majid Majidi???主演: Amir Farrokh Hashemian / 默罕...",?/??????? ?????,164833人评价,https://movie.douban.com/subject/1303021/,奔跑的孩子是天使。,60,9.2,小鞋子
,,,,,,,
"
                            导演: 大卫・芬奇 David Fincher???主演: 摩根・弗里曼 Morgan Freeman / 布...",?/?Se7en,489389人评价,https://movie.douban.com/subject/1292223/,警察抓小偷，老鼠玩死猫。,61,8.7,七宗罪
,,,,,,,
"
                            导演: 让-皮埃尔・热内 Jean-Pierre Jeunet???主演: 奥黛丽・塔图 Audrey Tau...",?/?Le fabuleux destin d'Amélie Poulain,544434人评价,https://movie.douban.com/subject/1292215/,法式小清新。 ,62,8.7,天使爱美丽
,,,,,,,
"
                            导演: 中岛哲也 Tetsuya Nakashima???主演: 中谷美纪 Miki Nakatani / 瑛太 E...",?/?嫌われ松子の一生,343222人评价,https://movie.douban.com/subject/1787291/,以戏谑来戏谑戏谑。,63,8.9,被嫌弃的松子的一生
,,,,,,,
"
                            导演: 克里斯托弗・诺兰 Christopher Nolan???主演: 休・杰克曼 Hugh Jackman...",?/?The Prestige,395980人评价,https://movie.douban.com/subject/1780330/,孪生蝙蝠侠大战克隆金刚狼。,64,8.8,致命魔术
,,,,,,,
"
                            导演: 大卫・芬奇 David Fincher???主演: 凯特・布兰切特 Cate Blanchett / ...",?/?The Curious Case of Benjamin Button,449391人评价,https://movie.douban.com/subject/1485260/,在时间之河里感受溺水之苦。,65,8.8,本杰明・巴顿奇事
,,,,,,,
"
                            导演: Robert Wise???主演: 朱丽・安德鲁斯 Julie Andrews / 克里斯托弗・普...",?/?The Sound of Music,264767人评价,https://movie.douban.com/subject/1294408/,用音乐化解仇恨，让歌声串起美好。,66,8.9,音乐之声
,,,,,,,
"
                            导演: 朱塞佩・托纳多雷 Giuseppe Tornatore???主演: 莫妮卡・贝鲁奇 Monica ...",?/?Malèna,413166人评价,https://movie.douban.com/subject/1292402/,美丽无罪。,67,8.8,西西里的美丽传说
,,,,,,,
"
                            导演: 梅尔・吉布森 Mel Gibson???主演: 梅尔・吉布森 Mel Gibson / 苏菲・玛...",?/?Braveheart,327919人评价,https://movie.douban.com/subject/1294639/,史诗大片的典范。,68,8.8,勇敢的心
,,,,,,,
"
                            导演: 史蒂文・斯皮尔伯格 Steven Spielberg???主演: 汤姆・汉克斯 Tom Hanks...",?/?Saving Private Ryan,279632人评价,https://movie.douban.com/subject/1292849/,美利坚精神输出大片No1.,69,8.9,拯救大兵瑞恩
,,,,,,,
"
                            导演: 安迪・沃卓斯基 Andy Wachowski / 拉娜・沃卓斯基 Lana Wachowski???主...",?/?The Matrix,326107人评价,https://movie.douban.com/subject/1291843/,视觉革命。,70,8.8,黑客帝国
,,,,,,,
"
                            导演: 昆汀・塔伦蒂诺 Quentin Tarantino???主演: 约翰・特拉沃尔塔 John Tra...",?/?Pulp Fiction,386370人评价,https://movie.douban.com/subject/1291832/,故事的高级讲法。,71,8.8,低俗小说
,,,,,,,
"
                            导演: 姜文 Wen Jiang???主演: 姜文 Wen Jiang / 葛优 You Ge / 周润发 Yun-F...",?/?让子弹飞一会儿  /  火烧云,729096人评价,https://movie.douban.com/subject/3742360/,你给我翻译翻译，神马叫做TMD的惊喜。,72,8.7,让子弹飞
,,,,,,,
"
                            导演: Tim Burton???主演: 约翰尼・德普 Johnny Depp / 薇诺娜・瑞德 Winona ...",?/?Edward Scissorhands,549855人评价,https://movie.douban.com/subject/1292370/,浪漫忧郁的成人童话。,73,8.7,剪刀手爱德华
,,,,,,,
"
                            导演: 奥里奥尔・保罗 Oriol Paulo???主演: 马里奥・卡萨斯 Mario Casas / 阿...",?/?Contratiempo,423833人评价,https://movie.douban.com/subject/26580232/,你以为你以为的就是你以为的。,74,8.7,看不见的客人
,,,,,,,
"
                            导演: 乔纳森・戴米 Jonathan Demme???主演: 朱迪・福斯特 Jodie Foster / 安...",?/?The Silence of the Lambs,401287人评价,https://movie.douban.com/subject/1293544/,安东尼・霍普金斯的顶级表演。,75,8.7,沉默的羔羊
,,,,,,,
"
                            导演: 埃里克・布雷斯 Eric Bress / J・麦基・格鲁伯 J. Mackye Gruber???主...",?/?The Butterfly Effect,436033人评价,https://movie.douban.com/subject/1292343/,人的命运被自己瞬间的抉择改变。,76,8.7,蝴蝶效应
,,,,,,,
"
                            导演: 泷田洋二郎 Y?jir? Takita???主演: 本木雅弘 Masahiro Motoki / ...",?/?おくりびと,349745人评价,https://movie.douban.com/subject/2149806/,死可能是一道门，逝去并不是终结，而是超越，走向下一程。,77,8.8,入殓师
,,,,,,,
"
                            导演: 万籁鸣 Laiming Wan / 唐澄 Cheng  Tang???主演: 邱岳峰 Yuefeng Qiu /...",?/?大闹天宫 上下集  /  The Monkey King,122431人评价,https://movie.douban.com/subject/1418019/,经典之作，历久弥新。,78,9.3,大闹天宫
,,,,,,,
"
                            导演: 王家卫 Kar Wai Wong???主演: 张国荣 Leslie Cheung / 梁朝伟 Tony Leu...",?/?春光乍,286111人评价,https://movie.douban.com/subject/1292679/,爱情纠缠，男女一致。,79,8.8,春光乍泄
,,,,,,,
"
                            导演: 贝纳尔多・贝托鲁奇 Bernardo Bertolucci???主演: 尊龙 John Lone / 陈...",?/?The Last Emperor,207957人评价,https://movie.douban.com/subject/1293172/,“不要跟我比惨，我比你更惨”再适合这部电影不过了。,80,9,末代皇帝
,,,,,,,
"
                            导演: 格斯・范・桑特 Gus Van Sant???主演: 马特・达蒙 Matt Damon / 罗宾・...",?/?Good Will Hunting,313572人评价,https://movie.douban.com/subject/1292656/,人生中应该拥有这样的一段豁然开朗。,81,8.8,心灵捕手
,,,,,,,
"
                            导演: 亚当・艾略特 Adam Elliot???主演: 托妮・科莱特 Toni Collette / 菲利...",?/?Mary and Max,253064人评价,https://movie.douban.com/subject/3072124/,你是我最好的朋友，你是我唯一的朋友 。,82,8.9,玛丽和马克思
,,,,,,,
"
                            导演: 姜文 Wen Jiang???主演: 夏雨 Yu Xia / 宁静 Jing Ning / 陶虹 Hong Tao",?/?In the Heat of the Sun,312123人评价,https://movie.douban.com/subject/1291875/,一场华丽的意淫。,83,8.8,阳光灿烂的日子
,,,,,,,
"
                            导演: Chris Columbus???主演: Daniel Radcliffe / Emma Watson / Rupert Grint",?/?Harry Potter and the Sorcerer's Stone,311485人评价,https://movie.douban.com/subject/1295038/,童话世界的开端。,84,8.8,哈利・波特与魔法石
,,,,,,,
"
                            导演: 韦斯・安德森 Wes Anderson???主演: 拉尔夫・费因斯 Ralph Fiennes / ...",?/?The Grand Budapest Hotel,373326人评价,https://movie.douban.com/subject/11525673/,小清新的故事里注入了大历史的情怀。,85,8.8,布达佩斯大饭店
,,,,,,,
"
                            导演: 宫崎骏 Hayao Miyazaki???主演: 松田洋治 Y?ji Matsuda / 石田百合...",?/?もののけ,266783人评价,https://movie.douban.com/subject/1297359/,人与自然的战争史诗。,86,8.8,幽灵公主
,,,,,,,
"
                            导演: M・奈特・沙马兰 M. Night Shyamalan???主演: 布鲁斯・威利斯 Bruce Wi...",?/?The Sixth Sense,265615人评价,https://movie.douban.com/subject/1297630/,深入内心的恐怖，出人意料的结局。,87,8.8,第六感
,,,,,,,
"
                            导演: Martin Scorsese???主演: 莱昂纳多・迪卡普里奥 Leonardo DiCaprio / ...",?/?Shutter Island,413581人评价,https://movie.douban.com/subject/2334904/,昔日翩翩少年，今日大腹便便。,88,8.7,禁闭岛
,,,,,,,
"
                            导演: 王家卫 Kar Wai Wong???主演: 林青霞 Brigitte Lin / 金城武 Takeshi K...",?/?重c森林,379387人评价,https://movie.douban.com/subject/1291999/,寂寞没有期限。,89,8.7,重庆森林
,,,,,,,
"
                            导演: 史蒂文・斯皮尔伯格 Steven Spielberg???主演: 莱昂纳多・迪卡普里奥 L...",?/?Catch Me If You Can,273312人评价,https://movie.douban.com/subject/1305487/,骗子大师和执著警探的你追我跑故事。 ,90,8.8,猫鼠游戏
,,,,,,,
"
                            导演: 托马斯・温特伯格 Thomas Vinterberg???主演: 麦斯・米科尔森 Mads Mik...",?/?Jagten,153497人评价,https://movie.douban.com/subject/6985810/,人言可畏。,91,9,狩猎
,,,,,,,
"
                            导演: James Mangold???主演: John Cusack / Ray Liotta / Amanda Peet",?/?Identity,364001人评价,https://movie.douban.com/subject/1297192/,最不可能的那个人永远是最可能的。,92,8.7,致命ID
,,,,,,,
"
                            导演: 李安 Ang Lee???主演: 希斯・莱杰 Heath Ledger / 杰克・吉伦哈尔 Jake...",?/?Brokeback Mountain,362821人评价,https://movie.douban.com/subject/1418834/,每个人心中都有一座断背山。,93,8.7,断背山
,,,,,,,
"
                            导演: 蒂姆・波顿 Tim Burton???主演: 伊万・麦克格雷格 Ewan McGregor / 阿...",?/?Big Fish,285050人评价,https://movie.douban.com/subject/1291545/,抱着梦想而活着的人是幸福的，怀抱梦想而死去的人是不朽的。,94,8.7,大鱼
,,,,,,,
"
                            导演: 陈可辛 Peter Chan???主演: 黎明 Leon Lai / 张曼玉 Maggie Cheung / ...",?/?Comrades: Almost a Love Story,258485人评价,https://movie.douban.com/subject/1305164/,相逢只要一瞬间，等待却像是一辈子。,95,8.8,甜蜜蜜
,,,,,,,
"
                            导演: 刘镇伟 Jeffrey Lau???主演: 梁朝伟 Tony Leung Chiu Wai / 林青霞 Bri...",?/?射m英雄髦|成西就,311173人评价,https://movie.douban.com/subject/1316510/,百看不厌。 ,96,8.7,射雕英雄传之东成西就
,,,,,,,
"
                            导演: 戈尔・维宾斯基 Gore Verbinski???主演: 约翰尼・德普 Johnny Depp / ...",?/?Pirates of the Caribbean: The Curse of the Black Pearl,396558人评价,https://movie.douban.com/subject/1298070/,约翰尼・德普的独角戏。,97,8.6,加勒比海盗
,,,,,,,
"
                            导演: 马克・赫门 Mark Herman???主演: 阿沙・巴特菲尔德 Asa Butterfield / ...",?/?The Boy in the Striped Pajamas,177287人评价,https://movie.douban.com/subject/3008247/,尽管有些不切实际的幻想，这部电影依旧是一部感人肺腑的佳作。,98,8.9,穿条纹睡衣的男孩
,,,,,,,
"
                            导演: 中岛哲也 Tetsuya Nakashima???主演: 松隆子 Takako Matsu / 冈田将生 ...",?/?自白  /  母亲,385590人评价,https://movie.douban.com/subject/4268598/,没有一人完全善，也没有一人完全恶。,99,8.7,告白
,,,,,,,
"
                            导演: 杨德昌 Edward Yang???主演: 吴念真 / 李凯莉 Kelly Lee / 金燕玲 Elai...",?/?Yi yi  /  Yi yi: A One and a Two,174655人评价,https://movie.douban.com/subject/1292434/,我们都曾经是一一。,100,8.9,一一
,,,,,,,
"
                            导演: 姜炯哲 Hyeong-Cheol Kang???主演: 沈恩京 Eun-kyung Shim / 闵孝琳 Hy...",?/???,304344人评价,https://movie.douban.com/subject/4917726/,再多各自牛逼的时光，也比不上一起傻逼的岁月。 ,101,8.8,阳光姐妹淘
,,,,,,,
"
                            导演: 查理・卓别林 Charles Chaplin???主演: 查理・卓别林 Charles Chaplin ...",?/?Modern Times,105048人评价,https://movie.douban.com/subject/1294371/,大时代中的人生，小人物的悲喜。,102,9.2,摩登时代
,,,,,,,
"
                            导演: 詹姆斯・卡梅隆 James Cameron???主演: 萨姆・沃辛顿 Sam Worthington ...",?/?Avatar,597629人评价,https://movie.douban.com/subject/1652587/,绝对意义上的美轮美奂。,103,8.6,阿凡达
,,,,,,,
"
                            导演: Kátia Lund / Fernando Meirelles???主演: Alexandre Rodrigues / Lea...",?/?Cidade de Deus,172832人评价,https://movie.douban.com/subject/1292208/,被上帝抛弃了的上帝之城。,104,8.9,上帝之城
,,,,,,,
"
                            导演: 理查德・林克莱特 Richard Linklater???主演: 伊桑・霍克 Ethan Hawke ...",?/?Before Sunrise,251502人评价,https://movie.douban.com/subject/1296339/,缘分是个连绵词，最美不过一瞬。,105,8.7,爱在黎明破晓前
,,,,,,,
"
                            导演: 大卫・芬奇 David Fincher???主演: 本・阿弗莱克 Ben Affleck / 罗莎蒙...",?/?Gone Girl,408663人评价,https://movie.douban.com/subject/21318488/,年度最佳date movie。,106,8.7,消失的爱人
,,,,,,,
"
                            导演: 宫崎骏 Hayao Miyazaki???主演: 岛本须美 Sumi Shimamoto / 松田洋治 Y...",?/?Lの谷のナウシカ,198367人评价,https://movie.douban.com/subject/1291585/,动画片的圣经。,107,8.8,风之谷
,,,,,,,
"
                            导演: 理查德・林克莱特 Richard Linklater???主演: 伊桑・霍克 Ethan Hawke ...",?/?Before Sunset,223399人评价,https://movie.douban.com/subject/1291990/,九年后的重逢是世俗和责任的交叠，没了悸动和青涩，沧桑而温暖。,108,8.8,爱在日落黄昏时
,,,,,,,
"
                            导演: 近藤喜文 Yoshifumi Kondo???主演: 本名阳子 Youko Honna / 小林桂树 K...",?/?耳をすませば,194446人评价,https://movie.douban.com/subject/1297052/,少女情怀总是诗。,109,8.8,侧耳倾听
,,,,,,,
"
                            导演: 托尼・凯耶 Tony Kaye???主演: 艾德里安・布洛迪 Adrien Brody / 马西...",?/?Detachment,199326人评价,https://movie.douban.com/subject/5322596/,穷尽一生，我们要学会的，不过是彼此拥抱。,110,8.8,超脱
,,,,,,,
"
                            导演: 程小东 Siu-Tung Ching???主演: 张国荣 Leslie Cheung / 王祖贤 Joey W...",?/?倩女幽魂(87版)  /  A Chinese Ghost Story,295664人评价,https://movie.douban.com/subject/1297447/,两张绝世的脸。 ,111,8.6,倩女幽魂
,,,,,,,
"
                            导演: 金秉v Byeong-woo Kim???主演: 河正宇 Jung-woo Ha / 李Z荣 Kyeong-y...",?/?? ?? ???,260209人评价,https://movie.douban.com/subject/21360417/,恐怖分子的“秋菊打官司”。,112,8.7,恐怖直播
,,,,,,,
"
                            导演: 今敏 Satoshi Kon???主演: 林原惠美 Megumi Hayashibara / 古谷彻 T...",?/?パプリカ,156326人评价,https://movie.douban.com/subject/1865703/,梦的勾结。,113,8.9,红辣椒
,,,,,,,
"
                            导演: 森淳一 Junichi Mori???主演: 桥本爱 Ai Hashimoto / 三浦贵大 Takahir...",?/?リトル?フォレスト 夏?秋,159202人评价,https://movie.douban.com/subject/25814705/,那些静得只能听见呼吸的日子里，你明白孤独即生活。,114,8.9,小森林 夏秋篇
,,,,,,,
"
                            导演: 周星驰 Stephen Chow / 李力持 Lik-Chi Lee???主演: 周星驰 Stephen Ch...",?/?喜≈王,366688人评价,https://movie.douban.com/subject/1302425/,我是一个演员。,115,8.6,喜剧之王
,,,,,,,
"
                            导演: 北野武 Takeshi Kitano???主演: 北野武 Takeshi Kitano / 关口雄介 Yus...",?/?菊次郎の夏,211999人评价,https://movie.douban.com/subject/1293359/,从没见过那么流氓的温柔，从没见过那么温柔的流氓。,116,8.7,菊次郎的夏天
,,,,,,,
"
                            导演: 迪恩・德布洛斯 Dean DeBlois / 克里斯・桑德斯 Chris Sanders???主演:...",?/?How to Train Your Dragon,324034人评价,https://movie.douban.com/subject/2353023/,和谐的生活离不开摸头与被摸头。,117,8.7,驯龙高手
,,,,,,,
"
                            导演: 史蒂文・斯皮尔伯格 Steven Spielberg???主演: 汤姆・汉克斯 Tom Hanks...",?/?The Terminal,251181人评价,https://movie.douban.com/subject/1292274/,有时候幸福需要等一等。 ,118,8.7,幸福终点站
,,,,,,,
"
                            导演: 高x勋 Isao Takahata???主演: 辰己努 / 白石绫乃 / 志乃原良子",?/?火垂るの墓,226879人评价,https://movie.douban.com/subject/1293318/,幸福是生生不息，却难以触及的远。 ,119,8.7,萤火虫之墓
,,,,,,,
"
                            导演: 米林宏昌 Hiromasa Yonebayashi???主演: 志田未来 Mirai Shida / 神木...",?/?借りぐらしのアリエッティ,244269人评价,https://movie.douban.com/subject/4202302/,曾经的那段美好会沉淀为一辈子的记忆。,120,8.7,借东西的小人阿莉埃蒂
,,,,,,,
"
                            导演: 皮艾尔・柯芬 Pierre Coffin / 克里斯・雷纳德 Chris Renaud???主演: ...",?/?Despicable Me,433338人评价,https://movie.douban.com/subject/3287562/,Mr. I Don't Care其实也有Care的时候。,121,8.5,神偷奶爸
,,,,,,,
"
                            导演: 罗启锐 Alex Law???主演: 吴君如 Sandra Ng / 任达华 Simon Yam / 钟绍...",?/?q月神偷,335792人评价,https://movie.douban.com/subject/3792799/,岁月流逝，来日可追。,122,8.6,岁月神偷
,,,,,,,
"
                            导演: 黑泽明 Akira Kurosawa???主演: 三船敏郎 Toshir? Mifune / 志村乔 ...",?/?七人の侍,87129人评价,https://movie.douban.com/subject/1295399/,时代悲歌。,123,9.2,七武士
,,,,,,,
"
                            导演: 奉俊昊 Joon-ho Bong???主演: 宋康昊 Kang-ho Song / 金相庆 Sang-kyun...",?/???? ??,233579人评价,https://movie.douban.com/subject/1300299/,关于连环杀人悬案的集体回忆。,124,8.7,杀人回忆
,,,,,,,
"
                            导演: 丹尼・鲍尔 Danny Boyle / 洛芙琳・坦丹 Loveleen Tandan???主演: 戴夫...",?/?Slumdog Millionaire,429548人评价,https://movie.douban.com/subject/2209573/,上帝之城+猜火车+阿甘正传+开心辞典=山寨富翁,125,8.5,贫民窟的百万富翁
,,,,,,,
"
                            导演: 李安 Ang Lee???主演: 赵文u Winston Chao / 郎雄 Sihung Lung / 归亚...",?/?盅,157429人评价,https://movie.douban.com/subject/1303037/,中国家庭的喜怒哀乐忍。,126,8.8,喜宴
,,,,,,,
"
                            导演: 詹姆斯・温 James Wan???主演: 雷・沃纳尔 Leigh Whannell / 加利・艾...",?/?Saw,220157人评价,https://movie.douban.com/subject/1417598/,真相就在眼前。,127,8.7,电锯惊魂
,,,,,,,
"
                            导演: 彼特・道格特 Pete Docter / 大卫・斯沃曼 David Silverman???主演: 约...","?/?Monsters, Inc.",275472人评价,https://movie.douban.com/subject/1291579/,不要给它起名字，起了名字就有感情了。,128,8.6,怪兽电力公司
,,,,,,,
"
                            导演: 保罗・格林格拉斯 Paul Greengrass???主演: 马特・达蒙 Matt Damon / ...",?/?The Bourne Ultimatum,200744人评价,https://movie.douban.com/subject/1578507/,像吃了苏打饼一样干脆的电影。,129,8.7,谍影重重3
,,,,,,,
"
                            导演: 理查德・柯蒂斯 Richard Curtis???主演: 休・格兰特 Hugh Grant / 柯林...",?/?Love Actually,345145人评价,https://movie.douban.com/subject/1292401/,爱，是个动词。,130,8.5,真爱至上
,,,,,,,
"
                            导演: 王家卫 Kar Wai Wong???主演: 张国荣 Leslie Cheung / 张曼玉 Maggie C...",?/?|邪西毒,282509人评价,https://movie.douban.com/subject/1292328/,电影诗。,131,8.6,东邪西毒
,,,,,,,
"
                            导演: 克里斯托弗・诺兰 Christopher Nolan???主演: 盖・皮尔斯 Guy Pearce /...",?/?Memento,309156人评价,https://movie.douban.com/subject/1304447/,一个针管引发的血案。,132,8.5,记忆碎片
,,,,,,,
"
                            导演: 雅克・贝汉 Jacques Perrin / 雅克・克鲁奥德 Jacques Cluzaud???主演:...",?/?Océans,105212人评价,https://movie.douban.com/subject/3443389/,大海啊，不全是水。,133,9,海洋
,,,,,,,
"
                            导演: 达伦・阿罗诺夫斯基 Darren Aronofsky???主演: 娜塔莉・波特曼 Natalie...",?/?Black Swan,459977人评价,https://movie.douban.com/subject/1978709/,黑暗之美。,134,8.5,黑天鹅
,,,,,,,
"
                            导演: 巴瑞・莱文森 Barry Levinson???主演: 达斯汀・霍夫曼 Dustin Hoffman ...",?/?Rain Man,227708人评价,https://movie.douban.com/subject/1291870/,生活在自己的世界里，也可以让周围的人显得可笑和渺小。,135,8.6,雨人
,,,,,,,
"
                            导演: 科克・德・米科 Kirk De Micco / 克里斯・桑德斯 Chris Sanders???主演...",?/?The Croods,411400人评价,https://movie.douban.com/subject/1907966/,老少皆宜，这就是好莱坞动画的魅力。,136,8.7,疯狂原始人
,,,,,,,
"
                            导演: 特瑞・乔治 Terry George???主演: 唐・钱德尔 Don Cheadle / 苏菲・奥...",?/?Hotel Rwanda,134593人评价,https://movie.douban.com/subject/1291822/,当这个世界闭上双眼，他却敞开了怀抱。,137,8.9,卢旺达饭店
,,,,,,,
"
                            导演: 森淳一 Junichi Mori???主演: 桥本爱 Ai Hashimoto / 三浦贵大 Takahir...",?/?リトル?フォレスト 冬?春,137707人评价,https://movie.douban.com/subject/25814707/,尊敬他人，尊敬你生活的这片土地，明白孤独是人生的常态。,138,8.9,小森林 冬春篇
,,,,,,,
"
                            导演: 吴宇森 John Woo???主演: 周润发 Yun-Fat Chow / 狄龙 Lung Ti / 张国...",?/?A Better Tomorrow  /  Gangland Boss,194315人评价,https://movie.douban.com/subject/1297574/,英雄泪短，兄弟情长。 ,139,8.6,英雄本色
,,,,,,,
"
                            导演: 大卫・叶茨 David Yates???主演: 丹尼尔・雷德克里夫 Daniel Radcliffe...",?/?Harry Potter and the Deathly Hallows: Part 2,307631人评价,https://movie.douban.com/subject/3011235/,10年的完美句点。,140,8.7,哈利・波特与死亡圣器(下)
,,,,,,,
"
                            导演: 李焕庆 Hwan-kyeong Lee???主演: 柳承龙 Seung-yong Ryoo / 朴信惠 Shi...",?/?7??? ??,202228人评价,https://movie.douban.com/subject/10777687/,《我是山姆》的《美丽人生》。,141,8.7,7号房的礼物
,,,,,,,
"
                            导演: 爱德华・兹威克 Edward Zwick???主演: 安东尼・霍普金斯 Anthony Hopki...",?/?Legends of the Fall,159735人评价,https://movie.douban.com/subject/1295865/,传奇，不是每个人都可以拥有。,142,8.7,燃情岁月
,,,,,,,
"
                            导演: 杰拉尔・乌里 Gérard Oury???主演: 路易・德・菲耐斯 Louis de Funès...",?/?La grande vadrouille,116881人评价,https://movie.douban.com/subject/1296909/,永远看不腻的喜剧。,143,8.9,虎口脱险
,,,,,,,
"
                            导演: 大森贵弘 Takahiro Omori???主演: 佐仓绫音 Ayane Sakura / 内山昂辉 K...",?/?w火の杜へ,183439人评价,https://movie.douban.com/subject/5989818/,触不到的恋人。,144,8.8,萤火之森
,,,,,,,
"
                            导演: 忻钰坤 Yukun Xin???主演: 霍卫民 Weimin Huo / 王笑天 Xiaotian Wang ...",?/?殡棺  /  The Coffin in the Mountain,206200人评价,https://movie.douban.com/subject/25917973/,荒诞讽刺，千奇百巧，抽丝剥茧，百转千回。,145,8.6,心迷宫
,,,,,,,
"
                            导演: 卢卡・圭达尼诺 Luca Guadagnino???主演: 蒂莫西・柴勒梅德 Timothée ...",?/?Call Me by Your Name,207630人评价,https://movie.douban.com/subject/26799731/,沉醉在电影的情感和视听氛围中无法自拔。,146,8.8,请以你的名字呼唤我
,,,,,,,
"
                            导演: 乔・怀特 Joe Wright???主演: 凯拉・奈特莉 Keira Knightley / 马修・...",?/?Pride & Prejudice,339000人评价,https://movie.douban.com/subject/1418200/,爱是摈弃傲慢与偏见之后的曙光。,147,8.5,傲慢与偏见
,,,,,,,
"
                            导演: 达米安・斯兹弗隆 Damián Szifron???主演: 达里奥・葛兰帝内提 Darío...",?/?Relatos salvajes,165017人评价,https://movie.douban.com/subject/24750126/,始于荒诞，止于更荒诞。,148,8.8,荒蛮故事
,,,,,,,
"
                            导演: 肯尼斯・罗纳根 Kenneth Lonergan???主演: 卡西・阿弗莱克 Casey Affle...",?/?Manchester by the Sea,226999人评价,https://movie.douban.com/subject/25980443/,我们都有权利不与自己的过去和解。,149,8.6,海边的曼彻斯特
,,,,,,,
"
                            导演: 弗朗西斯・福特・科波拉 Francis Ford Coppola???主演: 阿尔・帕西诺 A...",?/?The Godfather: Part III,147535人评价,https://movie.douban.com/subject/1294240/,任何信念的力量，都无法改变命运。,150,8.8,教父3
,,,,,,,
"
                            导演: 尼克・卡索维茨 Nick Cassavetes???主演: 瑞恩・高斯林 Ryan Gosling /...",?/?The Notebook,315692人评价,https://movie.douban.com/subject/1309163/,爱情没有那么多借口，如果不能圆满，只能说明爱的不够。 ,151,8.5,恋恋笔记本
,,,,,,,
"
                            导演: 吴宇森 John Woo???主演: 周润发 Yun-Fat Chow / 张国荣 Leslie Cheung...",?/?h横四海,167425人评价,https://movie.douban.com/subject/1295409/,香港浪漫主义警匪动作片的巅峰之作。,152,8.7,纵横四海
,,,,,,,
"
                            导演: 唐・霍尔 Don Hall / 克里斯・威廉姆斯 Chris Williams???主演: 斯科特...",?/?Big Hero 6,420813人评价,https://movie.douban.com/subject/11026735/,Balalala~~~,153,8.6,超能陆战队
,,,,,,,
"
                            导演: 克林特・伊斯特伍德 Clint Eastwood???主演: 凯文・科斯特纳 Kevin Cos...",?/?A Perfect World,92002人评价,https://movie.douban.com/subject/1300992/,坏人的好总是比好人的好来得更感人。,154,9,完美的世界
,,,,,,,
"
                            导演: 李力持 Lik-Chi Lee???主演: 周星驰 Stephen Chow / 巩俐 Li Gong / 陈...",?/?唐伯虎c秋香,382533人评价,https://movie.douban.com/subject/1306249/,华太师是黄，吴镇宇四大才子之一。,155,8.4,唐伯虎点秋香
,,,,,,,
"
                            导演: 王家卫 Kar Wai Wong???主演: 梁朝伟 Tony Leung Chiu Wai / 张曼玉 Ma...",?/?花幽耆A,273914人评价,https://movie.douban.com/subject/1291557/,偷情本没有这样美。,156,8.5,花样年华
,,,,,,,
"
                            导演: 李・昂克里奇 Lee Unkrich???主演: 汤姆・汉克斯 Tom Hanks / 蒂姆・艾...",?/?Toy Story 3,212220人评价,https://movie.douban.com/subject/1858711/,跨度十五年的欢乐与泪水。,157,8.8,玩具总动员3
,,,,,,,
"
                            导演: 克里斯托弗・诺兰 Christopher Nolan???主演: 克里斯蒂安・贝尔 Christ...",?/?The Dark Knight Rises,326970人评价,https://movie.douban.com/subject/3395373/,诺兰就是保证。,158,8.6,蝙蝠侠：黑暗骑士崛起
,,,,,,,
"
                            导演: 理查德・柯蒂斯 Richard Curtis???主演: 多姆纳尔・格利森 Domhnall Gl...",?/?About Time,229952人评价,https://movie.douban.com/subject/10577869/,把每天当作最后一天般珍惜度过，积极拥抱生活，就是幸福。,159,8.6,时空恋旅人
,,,,,,,
"
                            导演: Mervyn LeRoy???主演: Vivien Leigh / Robert Taylor / Lucile Watson",?/?Waterloo Bridge,140848人评价,https://movie.douban.com/subject/1293964/,中国式内在的美国电影。,160,8.8,魂断蓝桥
,,,,,,,
"
                            导演: 丹尼・博伊尔 Danny Boyle???主演: 伊万・麦克格雷格 Ewan McGregor / ...",?/?Trainspotting,268375人评价,https://movie.douban.com/subject/1292528/,不可猜的青春迷笛。 ,161,8.5,猜火车
,,,,,,,
"
                            导演: 细田守 Mamoru Hosoda???主演: 仲里依纱 Riisa Naka / 石田卓也 Takuya...",?/?rをかける少女,203075人评价,https://movie.douban.com/subject/1937946/,爱上未来的你。 ,162,8.6,穿越时空的少女
,,,,,,,
"
                            导演: Stanley Donen / Gene Kelly???主演: Gene Kelly / Donald O'Connor / ...",?/?Singin' in the Rain,101549人评价,https://movie.douban.com/subject/1293460/,骨灰级歌舞片。,163,9,雨中曲
,,,,,,,
"
                            导演: 郭柯 Ke Guo???主演: ",?/?Twenty Two  /  22,119582人评价,https://movie.douban.com/subject/26430107/,有一些东西不应该被遗忘。,164,8.7,二十二
,,,,,,,
"
                            导演: 让-马克・瓦雷 Jean-Marc Vallée???主演: 马修・麦康纳 Matthew McCon...",?/?Dallas Buyers Club,206119人评价,https://movie.douban.com/subject/1793929/,Jared Leto的腿比女人还美！,165,8.7,达拉斯买家俱乐部
,,,,,,,
"
                            导演: 杰茜・尼尔森 Jessie Nelson???主演: Sean Penn / Dakota Fanning / Mi...",?/?I Am Sam,117025人评价,https://movie.douban.com/subject/1306861/,爱并不需要智商 。,166,8.8,我是山姆
,,,,,,,
"
                            导演: 史蒂文・斯皮尔伯格 Steven Spielberg???主演: 海利・乔・奥斯蒙 Haley...",?/?Artificial Intelligence: AI,209929人评价,https://movie.douban.com/subject/1302827/,对爱的执着，可以超越一切。,167,8.6,人工智能
,,,,,,,
"
                            导演: 卡洛斯・沙尔丹哈 Carlos Saldanha / 克里斯・韦奇 Chris Wedge???主演...",?/?Ice Age,302038人评价,https://movie.douban.com/subject/1291578/,松鼠才是角儿。,168,8.5,冰川时代
,,,,,,,
"
                            导演: 丹尼斯・甘塞尔 Dennis Gansel???主演: 尤尔根・沃格尔 Jürgen Vogel ...",?/?Die Welle,145801人评价,https://movie.douban.com/subject/2297265/,世界离独裁只有五天。,169,8.7,浪潮
,,,,,,,
"
                            导演: 达米安・沙泽勒 Damien Chazelle???主演: 迈尔斯・特勒 Miles Teller /...",?/?Whiplash,264106人评价,https://movie.douban.com/subject/25773932/,这个世界从不善待努力的人，努力了也不一定会成功，但是知道自己在努力，就是活下去的动力。,170,8.6,爆裂鼓手
,,,,,,,
"
                            导演: 史蒂芬・戴德利 Stephen Daldry???主演: 凯特・温丝莱特 Kate Winslet ...",?/?The Reader,297478人评价,https://movie.douban.com/subject/2213597/,当爱情跨越年龄的界限，它似乎能变得更久远一点，成为一种责任，一种水到渠成的相濡以沫。 ,171,8.5,朗读者
,,,,,,,
"
                            导演: 汤姆・提克威 Tom Tykwer???主演: 本・卫肖 Ben Whishaw / 艾伦・瑞克...",?/?Perfume: The Story of a Murderer,302613人评价,https://movie.douban.com/subject/1760622/,一个单凭体香达到高潮的男人。,172,8.4,香水
,,,,,,,
"
                            导演: 黑泽明 Akira Kurosawa???主演: 三船敏郎 Toshir? Mifune / 千秋实 ...",?/?_生T,139948人评价,https://movie.douban.com/subject/1291879/,人生的N种可能性。,173,8.7,罗生门
,,,,,,,
"
                            导演: 梅尔・吉布森 Mel Gibson???主演: 安德鲁・加菲尔德 Andrew Garfield /...",?/?Hacksaw Ridge,360149人评价,https://movie.douban.com/subject/26325320/,优秀的战争片不会美化战场，不会粉饰死亡，不会矮化敌人，不会无视常识，最重要的，不会宣扬战争。,174,8.7,血战钢锯岭
,,,,,,,
"
                            导演: 是枝裕和 Hirokazu Koreeda???主演: 柳乐优弥 Y?ya Yagira / 北浦爱...",?/?lも知らない,79047人评价,https://movie.douban.com/subject/1292337/,我的平常生活就是他人的幸福。,175,9.1,无人知晓
,,,,,,,
"
                            导演: 今敏 Satoshi Kon???主演: 岩男润子 Junko Iwao / 松本梨香 Rica Matsu...",?/?Perfect Blue,111636人评价,https://movie.douban.com/subject/1395091/,好的剧本是，就算你猜到了结局也猜不到全部。,176,8.8,未麻的部屋
,,,,,,,
"
                            导演: 王家卫 Kar Wai Wong???主演: 张国荣 Leslie Cheung / 张曼玉 Maggie C...",?/?阿w正,230925人评价,https://movie.douban.com/subject/1305690/,王家卫是一种风格，张国荣是一个代表。,177,8.5,阿飞正传
,,,,,,,
"
                            导演: 昆汀・塔伦蒂诺 Quentin Tarantino???主演: 杰米・福克斯 Jamie Foxx /...",?/?Django Unchained,284527人评价,https://movie.douban.com/subject/6307447/,热血沸腾，那个低俗、性感的无耻混蛋又来了。,178,8.6,被解救的姜戈
,,,,,,,
"
                            导演: 阿斯哈・法哈蒂  Asghar Farhadi???主演: 佩曼・莫阿迪 Peyman Moadi /...",?/?????? ???? ?? ?????,144276人评价,https://movie.douban.com/subject/5964718/,只有有信仰的人才能说出事实真相。,179,8.7,一次别离
,,,,,,,
"
                            导演: 陆川 Chuan Lu???主演: 多布杰 Duobujie / 张磊 Lei Zhang / 亓亮 Qi L...",?/?Kekexili: Mountain Patrol,141919人评价,https://movie.douban.com/subject/1308857/,坚硬的信仰。,180,8.7,可可西里
,,,,,,,
"
                            导演: 克里斯托弗・诺兰 Christopher Nolan???主演: 杰里米・西奥伯德 Jeremy...",?/?Following,89734人评价,https://movie.douban.com/subject/1397546/,诺兰的牛逼来源于内心散发出的恐惧。,181,8.9,追随
,,,,,,,
"
                            导演: 克里斯托弗・史密斯 Christopher Smith???主演: 梅利莎・乔治 Melissa ...",?/?Triangle,363573人评价,https://movie.douban.com/subject/3011051/,不要企图在重复中寻找已经失去的爱。,182,8.4,恐怖游轮
,,,,,,,
"
                            导演: 彼特・道格特 Pete Docter / 罗纳尔多・德尔・卡门 Ronaldo Del Carmen??&nb...",?/?Inside Out,258131人评价,https://movie.douban.com/subject/10533913/,愿我们都不用长大，每一座城堡都能永远存在。,183,8.7,头脑特工队
,,,,,,,
"
                            导演: 保罗・哈吉斯 Paul Haggis???主演: 桑德拉・布洛克 Sandra Bullock / ...",?/?Crash,187816人评价,https://movie.douban.com/subject/1388216/,天使与魔鬼的冲撞。,184,8.6,撞车
,,,,,,,
"
                            导演: 安德鲁・尼科尔 Andrew Niccol???主演: 尼古拉斯・凯奇 Nicolas Cage /...",?/?Lord of War,189078人评价,https://movie.douban.com/subject/1419936/,做一颗让别人需要你的棋子。,185,8.6,战争之王
,,,,,,,
"
                            导演: 伦尼・阿伯拉罕森 Lenny Abrahamson???主演: 布丽・拉尔森 Brie Larson...",?/?Room,176970人评价,https://movie.douban.com/subject/25724855/,被偷走的岁月，被伤害的生命，被禁锢的灵魂，终将被希望和善意救赎。,186,8.8,房间
,,,,,,,
"
                            导演: 阿米尔・汗 Aamir Khan???主演: 达席尔・萨法瑞 Darsheel Safary / 阿...",?/?Taare Zameen Par,94812人评价,https://movie.douban.com/subject/2363506/,天使保护事件始末。,187,8.8,地球上的星星
,,,,,,,
"
                            导演: 达伦・阿伦诺夫斯基 Darren Aronofsky???主演: 艾伦・伯斯汀 Ellen Bur...",?/?Requiem for a Dream,121841人评价,https://movie.douban.com/subject/1292270/,一场没有春天的噩梦。,188,8.7,梦之安魂曲
,,,,,,,
"
                            导演: 杨德昌 Edward Yang???主演: 张震 Chen Chang / 杨静怡 Lisa Yang / 张...",?/?牯X街少年⑷耸录,118441人评价,https://movie.douban.com/subject/1292329/,弱者送给弱者的一刀。,189,8.8,牯岭街少年杀人事件
,,,,,,,
"
                            导演: 宫崎骏 Hayao Miyazaki???主演: 高山南 Minami Takayama / 佐久间玲 Re...",?/?魔女の宅急便,216229人评价,https://movie.douban.com/subject/1307811/,宫崎骏的电影总让人感觉世界是美好的，阳光明媚的。,190,8.5,魔女宅急便
,,,,,,,
"
                            导演: 道格・里曼 Doug Liman???主演: 马特・达蒙 Matt Damon / 弗兰卡・波坦...",?/?The Bourne Identity,210350人评价,https://movie.douban.com/subject/1304102/,哗啦啦啦啦，天在下雨，哗啦啦啦啦，云在哭泣……找自己。,191,8.5,谍影重重
,,,,,,,
"
                            导演: 新海诚 Makoto Shinkai???主演: 神木隆之介 Ry?nosuke Kamiki / 上...",?/?君の名は。,543494人评价,https://movie.douban.com/subject/26683290/,穿越错位的时空，仰望陨落的星辰，你没留下你的名字，我却无法忘记那句“我爱你”。,192,8.4,你的名字。
,,,,,,,
"
                            导演: 莫腾・泰杜姆 Morten Tyldum???主演: 本尼迪克特・康伯巴奇 Benedict C...",?/?The Imitation Game,283496人评价,https://movie.douban.com/subject/10463953/,他给机器起名“克里斯托弗”，因为这是他初恋的名字。,193,8.6,模仿游戏
,,,,,,,
"
                            导演: Seijir? K?yama???主演: 山本圭 Kei Yamamoto / 井川比佐志 Hisa...",?/?ハチ公物Z,68613人评价,https://movie.douban.com/subject/1959195/,养狗三日，便会对你终其一生。,194,9,忠犬八公物语
,,,,,,,
"
                            导演: 保罗・格林格拉斯 Paul Greengrass???主演: 马特・达蒙 Matt Damon / ...",?/?The Bourne Supremacy,174704人评价,https://movie.douban.com/subject/1308767/,谁说王家卫镜头很晃？,195,8.6,谍影重重2
,,,,,,,
"
                            导演: 徐克 Hark Tsui???主演: 张曼玉 Maggie Cheung / 王祖贤 Joey Wang / ...",?/?Green Snake,245215人评价,https://movie.douban.com/subject/1303394/,人生如此，浮生如斯。谁人言，花彼岸，此生情长意短。谁都是不懂爱的罢了。,196,8.4,青蛇
,,,,,,,
"
                            导演: 汉内斯・赫尔姆 Hannes Holm???主演: 罗夫・拉斯加德 Rolf Lassg?rd...",?/?En man som heter Ove,139455人评价,https://movie.douban.com/subject/26628357/,惠及一生的美丽。,197,8.7,一个叫欧维的男人决定去死
,,,,,,,
"
                            导演: Alfred Hitchcock???主演: Janet Leigh / Anthony Perkins / Vera Miles",?/?Psycho,92956人评价,https://movie.douban.com/subject/1293181/,故事的反转与反转，分裂电影的始祖。,198,8.9,惊魂记
,,,,,,,
"
                            导演: 保罗・格诺维瑟 Paolo Genovese???主演: 马可・贾利尼 Marco Giallini ...",?/?Perfetti sconosciuti,229126人评价,https://movie.douban.com/subject/26614893/,,199,8.6,完美陌生人
,,,,,,,
"
                            导演: 严定宪 Dingxian Yan / 王树忱 Shuchen Wang???主演: 梁正晖 Zhenghui ...",?/?Prince Nezha's Triumph Against Dragon King  /  Nezha nao hai,90730人评价,https://movie.douban.com/subject/1307315/,想你时你在闹海。,200,8.9,哪吒闹海
,,,,,,,
"
                            导演: 约翰・卡尼 John Carney???主演: 凯拉・奈特莉 Keira Knightley / 马克...",?/?Begin Again,191401人评价,https://movie.douban.com/subject/6874403/,爱我就给我看你的播放列表。,201,8.5,再次出发之纽约遇见你
,,,,,,,
"
                            导演: 卡比尔・汗 Kabir Khan???主演: 萨尔曼・汗 Salman Khan / 哈莎莉・马...",?/?Bajrangi Bhaijaan,184706人评价,https://movie.douban.com/subject/26393561/,,202,8.5,小萝莉的猴神大叔
,,,,,,,
"
                            导演: 小津安二郎 Yasujir? Ozu???主演: 笠智众 Chish? Ry? / 原节...",?/?|京物Z,57015人评价,https://movie.douban.com/subject/1291568/,东京那么大，如果有一天走失了，恐怕一辈子不能再相见。,203,9.2,东京物语
,,,,,,,
"
                            导演: Andy Wachowski / Larry Wachowski???主演: Keanu Reeves / Laurence F...",?/?The Matrix Revolutions,172691人评价,https://movie.douban.com/subject/1302467/,不得不说，《黑客帝国》系列是商业片与科幻、哲学完美结合的典范。,204,8.5,黑客帝国3：矩阵革命
,,,,,,,
"
                            导演: 邓肯・琼斯 Duncan Jones???主演: 杰克・吉伦哈尔 Jake Gyllenhaal / ...",?/?Source Code,441579人评价,https://movie.douban.com/subject/3075287/,邓肯・琼斯继《月球》之后再度奉献出一部精彩绝伦的科幻佳作。,205,8.3,源代码
,,,,,,,
"
                            导演: 李惠民 Raymond Lee???主演: 张曼玉 Maggie Cheung / 林青霞 Brigitte ...",?/?新T客,203779人评价,https://movie.douban.com/subject/1292287/,嬉笑怒骂，调风动月。,206,8.5,新龙门客栈
,,,,,,,
"
                            导演: 詹姆斯・卡梅隆 James Cameron???主演: 阿诺・施瓦辛格 Arnold Schwarz...",?/?Terminator 2: Judgment Day,154077人评价,https://movie.douban.com/subject/1291844/,少见的超越首部的续集，动作片中的经典。,207,8.6,终结者2：审判日
,,,,,,,
"
                            导演: 雷德利・斯科特 Ridley Scott???主演: 吉娜・戴维斯 Geena Davis / 苏...",?/?Thelma & Louise,114848人评价,https://movie.douban.com/subject/1291992/,没有了退路，只好飞向自由。,208,8.7,末路狂花
,,,,,,,
"
                            导演: Luc Besson???主演: 让-马克・巴尔 Jean-Marc Barr / 让・雷诺 Jean Re...",?/?Le grand bleu,112948人评价,https://movie.douban.com/subject/1300960/,在那片深蓝中，感受来自大海的忧伤寂寞与美丽自由。,209,8.7,碧海蓝天
,,,,,,,
"
                            导演: 新海诚 Makoto Shinkai???主演: 水桥研二 Kenji Mizuhashi / 近藤好美 ...",?/?秒速5センチメ`トル,331243人评价,https://movie.douban.com/subject/2043546/,青春就是放弃和怀念。,210,8.3,秒速5厘米
,,,,,,,
"
                            导演: Frank Darabont???主演: 汤姆・汉克斯 Tom Hanks / 大卫・摩斯 David M...",?/?The Green Mile,116759人评价,https://movie.douban.com/subject/1300374/,天使暂时离开。,211,8.7,绿里奇迹
,,,,,,,
"
                            导演: 理查德・沙因克曼 Richard Schenkman???主演: 大卫・李・史密斯 David ...",?/?The Man from Earth,199623人评价,https://movie.douban.com/subject/2300586/,科幻真正的魅力不是视觉效果能取代的。 ,212,8.5,这个男人来自地球
,,,,,,,
"
                            导演: 迈克尔・贝 Michael Bay???主演: 肖恩・康纳利 Sean Connery / 尼古拉...",?/?The Rock,152933人评价,https://movie.douban.com/subject/1292728/,类型片的极致。 ,213,8.6,勇闯夺命岛
,,,,,,,
"
                            导演: 理查德・柯蒂斯 Richard Curtis???主演: 比尔・奈伊 Bill Nighy / 肯尼...",?/?The Boat That Rocked,174988人评价,https://movie.douban.com/subject/3007773/,生命不止，摇滚不死。,214,8.6,海盗电台
,,,,,,,
"
                            导演: Charles Chaplin???主演: 查理・卓别林 Charles Chaplin / 弗吉尼亚・...",?/?City Lights,49560人评价,https://movie.douban.com/subject/1293908/,永远的小人物，伟大的卓别林。,215,9.2,城市之光
,,,,,,,
"
                            导演: 普特鹏・普罗萨卡・那・萨克那卡林 Puttipong Promsaka Na Sakolnakorn / 华森・波克彭...",?/????????????????????????...???,504279人评价,https://movie.douban.com/subject/4739952/,黑小鸭速效美白记。,216,8.3,初恋这件小事
,,,,,,,
"
                            导演: 是枝裕和 Hirokazu Koreeda???主演: 阿部宽 Hiroshi Abe / 夏川结衣 Yu...",?/?iいても iいても,93707人评价,https://movie.douban.com/subject/2222996/,日本的家庭电影已经是世界巅峰了，步履不停是巅峰中的佳作。,217,8.8,步履不停
,,,,,,,
"
                            导演: Quentin Tarantino???主演: 布拉德・皮特 Brad Pitt / 梅拉尼・罗兰 M...",?/?Inglourious Basterds,241908人评价,https://movie.douban.com/subject/1438652/,昆汀同学越来越变态了，比北野武还杜琪峰。,218,8.4,无耻混蛋
,,,,,,,
"
                            导演: Michael Curtiz???主演: 亨弗莱・鲍嘉 Humphrey Bogart / 英格丽・褒曼...",?/?Casablanca,134854人评价,https://movie.douban.com/subject/1296753/,世界上有那么多女人那么多酒馆，但她偏偏走进我的这家。,219,8.6,卡萨布兰卡
,,,,,,,
"
                            导演: 吴宇森 John Woo???主演: 约翰・特拉沃尔塔 John Travolta / 尼古拉斯...",?/?Face/Off,230723人评价,https://movie.douban.com/subject/1292659/,当发哥的风衣、墨镜出现在了凯奇身上??,220,8.4,变脸
,,,,,,,
"
                            导演: 理查德・林克莱特 Richard Linklater???主演: 伊桑・霍克 Ethan Hawke ...",?/?Before Midnight,128907人评价,https://movie.douban.com/subject/10808442/,所谓爱情，就是话唠一路，都不会心生腻烦，彼此嫌弃。,221,8.8,爱在午夜降临前
,,,,,,,
"
                            导演: Steven Spielberg???主演: Henry Thomas / Dee Wallace / Robert MacNa...",?/?E.T.: The Extra-Terrestrial,167832人评价,https://movie.douban.com/subject/1294638/,生病的E.T.皮肤的颜色就像柿子饼。,222,8.5,E.T. 外星人
,,,,,,,
"
                            导演: 瑞奇・莫尔 Rich Moore???主演: 约翰・C・赖利 John C. Reilly / 萨拉...",?/?Wreck-It Ralph,203641人评价,https://movie.douban.com/subject/6534248/,迪士尼和皮克斯拿错剧本的产物。,223,8.6,无敌破坏王
,,,,,,,
"
                            导演: Stanley Kubrick???主演: Malcolm McDowell / Patrick Magee / Michael...",?/?A Clockwork Orange,199996人评价,https://movie.douban.com/subject/1292233/,我完全康复了。,224,8.5,发条橙
,,,,,,,
"
                            导演: 宁浩 Hao Ning???主演: 郭涛 Tao Guo / 刘桦 Hua Liu / 连晋 Teddy Lin",?/?Crazy Stone,349656人评价,https://movie.douban.com/subject/1862151/,中国版《两杆大烟枪》。,225,8.3,疯狂的石头
,,,,,,,
"
                            导演: Sergio Leone???主演: Clint Eastwood / Eli Wallach / Lee Van Cleef","?/?Il buono, il brutto, il cattivo.",56650人评价,https://movie.douban.com/subject/1401118/,最棒的西部片。,226,9.1,黄金三镖客
,,,,,,,
"
                            导演: 是枝裕和 Hirokazu Koreeda???主演: 绫濑遥 Haruka Ayase / 长泽雅美 M...",?/?海街diary,150992人评价,https://movie.douban.com/subject/25895901/,,227,8.7,海街日记
,,,,,,,
"
                            导演: 萨姆・门德斯 Sam Mendes???主演: 凯文・史派西 Kevin Spacey / 安妮特...",?/?American Beauty,199722人评价,https://movie.douban.com/subject/1292062/,每个人的内心都是深不可测的大海。 ,228,8.5,美国丽人
,,,,,,,
"
                            导演: 西恩・潘 Sean Penn???主演: 埃米尔・赫斯基 Emile Hirsch / 马西娅・...",?/?Into the Wild,137071人评价,https://movie.douban.com/subject/1905462/,出门必备：本草纲目。,229,8.6,荒野生存
,,,,,,,
"
                            导演: 雅克・贝汉 Jacques Perrin / 雅克・克鲁奥德 Jacques Cluzaud???主演:...",?/?Le peuple migrateur,54659人评价,https://movie.douban.com/subject/1292281/,最美的飞翔。,230,9.1,迁徙的鸟
,,,,,,,
"
                            导演: 安东尼・明格拉 Anthony Minghella???主演: 拉尔夫・费因斯 Ralph Fien...",?/?The English Patient,184924人评价,https://movie.douban.com/subject/1291853/,"In memory, love lives forever...",231,8.5,英国病人
,,,,,,,
"
                            导演: 詹姆斯・沃德・布柯特 James Ward Byrkit???主演: 艾米丽・芭尔多尼 Em...",?/?Coherence,203172人评价,https://movie.douban.com/subject/25807345/,小成本大魅力。,232,8.4,彗星来的那一夜
,,,,,,,
"
                            导演: 汤姆・霍珀 Tom Hooper???主演: 柯林・菲尔斯 Colin Firth / 杰弗里・...",?/?The King's Speech,367108人评价,https://movie.douban.com/subject/4023638/,皇上无话儿。,233,8.3,国王的演讲
,,,,,,,
"
                            导演: 爱德华・兹威克 Edward Zwick???主演: 莱昂纳多・迪卡普里奥 Leonardo ...",?/?Blood Diamond,146358人评价,https://movie.douban.com/subject/1428175/,每个美丽事物背后都是滴血的现实。,234,8.5,血钻
,,,,,,,
"
                            导演: 布莱恩・辛格 Bryan Singer???主演: 史蒂芬・鲍德温 Stephen Baldwin /...",?/?The Usual Suspects,126247人评价,https://movie.douban.com/subject/1292214/,我不信仰上帝，但我敬畏上帝。,235,8.6,非常嫌疑犯
,,,,,,,
"
                            导演: 托马斯・麦卡锡 Thomas McCarthy???主演: 马克・鲁弗洛 Mark Ruffalo /...",?/?Spotlight,140549人评价,https://movie.douban.com/subject/25954475/,,236,8.8,聚焦
,,,,,,,
"
                            导演: 岩井俊二 Shunji Iwai???主演: 恰拉 Chara / 伊藤步 Ayumi Ito / 三上...",?/?スワロウテイル,113056人评价,https://movie.douban.com/subject/1307793/,现实与童话交相辉映的旅程。,237,8.6,燕尾蝶
,,,,,,,
"
                            导演: 加文・欧康诺 Gavin O'Connor???主演: 汤姆・哈迪 Tom Hardy / 乔尔・...",?/?Warrior,93388人评价,https://movie.douban.com/subject/3217169/,热血沸腾，相当完美的娱乐拳击大餐。,238,8.9,勇士
,,,,,,,
"
                            导演: 彼得・维纳 Peter Werner???主演: 詹姆斯・沃克 James Wolk / 特里特・...",?/?Front of the Class,116597人评价,https://movie.douban.com/subject/4798888/,乐观比一切都有力量。,239,8.6,叫我第一名
,,,,,,,
"
                            导演: 大卫・林奇 David Lynch???主演: 娜奥米・沃茨 Naomi Watts / 劳拉・哈...",?/?Mulholland Dr.,252424人评价,https://movie.douban.com/subject/1292217/,大卫・林奇的梦境迷宫。,240,8.3,穆赫兰道
,,,,,,,
"
                            导演: 罗伯・莱纳 Rob Reiner???主演: 杰克・尼科尔森 Jack Nicholson / 摩根...",?/?The Bucket List,143245人评价,https://movie.douban.com/subject/1867345/,用剩余不多的时间，去燃烧整个生命。,241,8.5,遗愿清单
,,,,,,,
"
                            导演: 杜琪峰 Johnnie To???主演: 吴镇宇 Francis Ng / 任达华 Simon Yam / ...",?/?j火,108331人评价,https://movie.douban.com/subject/1300741/,一群演技精湛的戏骨，奉献出一个精致的黑帮小品，成就杜琪峰群戏的巅峰之作。,242,8.6,枪火
,,,,,,,
"
                            导演: 秋昌民 Chang-min Choo???主演: 宋在河 Jae-ho Song / 李顺载 Soon-jae...",?/???? ?????,63958人评价,https://movie.douban.com/subject/5908478/,你要相信，这世上真的有爱存在，不管在什么年纪 ,243,9,我爱你
,,,,,,,
"
                            导演: 雷德利・斯科特 Ridley Scott???主演: 乔什・哈奈特 Josh Hartnett / ...",?/?Black Hawk Down,128026人评价,https://movie.douban.com/subject/1291824/,还原真实而残酷的战争。,244,8.6,黑鹰坠落
,,,,,,,
"
                            导演: Jamie Uys???主演: Marius Weyers / Sandra Prinsloo / N!xau",?/?The Gods Must Be Crazy,102737人评价,https://movie.douban.com/subject/1297478/,纯净原始的笑与感动。,245,8.6,上帝也疯狂
,,,,,,,
"
                            导演: 罗伯特・泽米吉斯 Robert Zemeckis???主演: 汤姆・汉克斯 Tom Hanks / ...",?/?Cast Away,147197人评价,https://movie.douban.com/subject/1298653/,一个人的独角戏。,246,8.5,荒岛余生
,,,,,,,
"
                            导演: Alan Parker???主演: 凯文・史派西 Kevin Spacey / 凯特・温丝莱特 Kat...",?/?The Life of David Gale,103653人评价,https://movie.douban.com/subject/1305725/,捍卫人权只是信仰，一点不妨碍其行为的残忍。,247,8.6,大卫・戈尔的一生
,,,,,,,
"
                            导演: 安德鲁・尼科尔 Andrew Niccol???主演: 伊桑・霍克 Ethan Hawke / 乌玛...",?/?Gattaca,94880人评价,https://movie.douban.com/subject/1300117/,一部能引人思考的科幻励志片。,248,8.7,千钧一发
,,,,,,,
"
                            导演: 斯坦利・库布里克 Stanley Kubrick???主演: 凯尔・杜拉 Keir Dullea / ...",?/?2001: A Space Odyssey,103298人评价,https://movie.douban.com/subject/1292226/,现代科幻电影的开山之作，最伟大导演的最伟大影片。,249,8.7,2001太空漫游
,,,,,,,
"
                            导演: 易智言 Chih-yen Yee???主演: 陈柏霖 Bo-lin Chen / 桂纶镁 Lunmei Kwa...",?/?{色大T,286959人评价,https://movie.douban.com/subject/1308575/,青春的窃窃私语。 ,250,8.3,蓝色大门
